Role,Skills
Data Scientist,"Python,SQL,Machine Learning,Pandas,Statistics,Data Analysis"
Machine Learning Engineer,"Python,TensorFlow,Deep Learning,Docker,AWS,PyTorch"
AI Engineer,"Python,NLP,Deep Learning,TensorFlow,Machine Learning"
Backend Developer,"Python,Flask,API,SQL,Docker"
Frontend Developer,"HTML,CSS,JavaScript,React,UI Design"
Full Stack Developer,"HTML,CSS,JavaScript,React,Node.js,SQL"
DevOps Engineer,"AWS,Docker,Kubernetes,Linux,CI/CD"
Cloud Engineer,"AWS,Azure,GCP,Docker,Networking"
Cybersecurity Analyst,"Networking,Python,Kali Linux,Security,Ethical Hacking"
Data Analyst,"Python,SQL,Excel,Power BI,Statistics"
Business Analyst,"Excel,SQL,Power BI,Communication,Analytics"
Software Engineer,"Python,Java,C++,Data Structures,Algorithms"
Mobile App Developer,"Flutter,Dart,Firebase,API,UI Design"
Android Developer,"Java,Kotlin,Android Studio,Firebase"
iOS Developer,"Swift,Xcode,API,UI Design"
Database Administrator,"SQL,MySQL,PostgreSQL,Database Design"
Cloud Architect,"AWS,Azure,GCP,Networking,Security"
Site Reliability Engineer,"Linux,Docker,Kubernetes,AWS,Monitoring"
Blockchain Developer,"Solidity,Ethereum,Web3,JavaScript"
Game Developer,"Unity,C#,Game Design,OOP"
UI UX Designer,"Figma,Wireframing,Prototyping,UI Design"
QA Engineer,"Testing,Selenium,Automation,Python"
Automation Engineer,"Python,Selenium,Automation,Testing"
Network Engineer,"Networking,Cisco,Linux,Security"
System Administrator,"Linux,Networking,Windows Server,Security"
Data Engineer,"Python,SQL,ETL,Big Data,AWS"
NLP Engineer,"Python,NLP,Transformers,Deep Learning"
Computer Vision Engineer,"Python,OpenCV,Deep Learning,TensorFlow"
AI Researcher,"Python,Machine Learning,Deep Learning,Research"
Product Manager,"Communication,Analytics,Leadership,Product Strategy"